{"cameraMode":{"drawMode":0,"name":"Shaded","section":"Shading Mode"},"sceneLighting":false,"audioPlay":false,"sceneViewState":{"showFog":true,"showMaterialUpdate":false,"showSkybox":true,"showFlares":true,"showImageEffects":true,"showParticleSystems":true},"in2DMode":false,"pivot":{"x":0.6690000295639038,"y":0.8799999952316284,"z":0.8379999995231628},"rotation":{"x":0.41835206747055056,"y":0.465436726808548,"z":-0.265502393245697,"w":0.7333885431289673},"size":1.02834153175354,"orthographic":false}