{"cameraMode":{"drawMode":0,"name":"Shaded","section":"Shading Mode"},"sceneLighting":false,"audioPlay":false,"sceneViewState":{"showFog":true,"showMaterialUpdate":false,"showSkybox":true,"showFlares":true,"showImageEffects":true,"showParticleSystems":true},"in2DMode":false,"pivot":{"x":4.476216793060303,"y":0.9591575860977173,"z":0.6682043671607971},"rotation":{"x":0.07061711698770523,"y":0.6780214905738831,"z":-0.06570794433355332,"w":0.7286855578422546},"size":1.3836263418197632,"orthographic":false}