{"cameraMode":{"drawMode":0,"name":"Shaded","section":"Shading Mode"},"sceneLighting":false,"audioPlay":false,"sceneViewState":{"showFog":true,"showMaterialUpdate":false,"showSkybox":true,"showFlares":true,"showImageEffects":true,"showParticleSystems":true},"in2DMode":false,"pivot":{"x":5.545224666595459,"y":0.8537434935569763,"z":0.34732502698898318},"rotation":{"x":0.09660539031028748,"y":0.7217282056808472,"z":-0.10289224982261658,"w":0.6776348948478699},"size":1.3836263418197632,"orthographic":false}