{"cameraMode":{"drawMode":0,"name":"Shaded","section":"Shading Mode"},"sceneLighting":false,"audioPlay":false,"sceneViewState":{"showFog":true,"showMaterialUpdate":false,"showSkybox":true,"showFlares":true,"showImageEffects":true,"showParticleSystems":true},"in2DMode":false,"pivot":{"x":2.628120183944702,"y":1.1959999799728394,"z":0.2779235541820526},"rotation":{"x":-0.23481620848178864,"y":0.6632733345031738,"z":-0.23187649250030518,"w":-0.6716867685317993},"size":1.02834153175354,"orthographic":false}