{"cameraMode":{"drawMode":0,"name":"Shaded","section":"Shading Mode"},"sceneLighting":false,"audioPlay":false,"sceneViewState":{"showFog":true,"showMaterialUpdate":false,"showSkybox":true,"showFlares":true,"showImageEffects":true,"showParticleSystems":true},"in2DMode":false,"pivot":{"x":5.460000038146973,"y":0.6000000238418579,"z":0.0},"rotation":{"x":0.0784568190574646,"y":0.9208395481109619,"z":-0.28819096088409426,"w":0.25068917870521548},"size":1.3836263418197632,"orthographic":false}