{"cameraMode":{"drawMode":0,"name":"Shaded","section":"Shading Mode"},"sceneLighting":false,"audioPlay":false,"sceneViewState":{"showFog":true,"showMaterialUpdate":false,"showSkybox":true,"showFlares":true,"showImageEffects":true,"showParticleSystems":true},"in2DMode":false,"pivot":{"x":0.6690000295639038,"y":0.8799999952316284,"z":0.8379999995231628},"rotation":{"x":0.009365981444716454,"y":0.99041348695755,"z":-0.08638443797826767,"w":0.1073833480477333},"size":1.02834153175354,"orthographic":false}