{"cameraMode":{"drawMode":0,"name":"Shaded","section":"Shading Mode"},"sceneLighting":false,"audioPlay":false,"sceneViewState":{"showFog":true,"showMaterialUpdate":false,"showSkybox":true,"showFlares":true,"showImageEffects":true,"showParticleSystems":true},"in2DMode":false,"pivot":{"x":20.61474609375,"y":8.858238220214844,"z":-18.373483657836915},"rotation":{"x":-0.22020526230335236,"y":-0.7653146386146545,"z":0.33439701795578005,"w":-0.503966212272644},"size":40.87142562866211,"orthographic":false}