{"cameraMode":{"drawMode":0,"name":"Shaded","section":"Shading Mode"},"sceneLighting":false,"audioPlay":false,"sceneViewState":{"showFog":true,"showMaterialUpdate":false,"showSkybox":true,"showFlares":true,"showImageEffects":true,"showParticleSystems":true},"in2DMode":false,"pivot":{"x":0.0,"y":1.2000000476837159,"z":3.1500000953674318},"rotation":{"x":0.17176613211631776,"y":-0.6535957455635071,"z":0.15583957731723786,"w":0.7204325199127197},"size":3.0303542613983156,"orthographic":false}