{"cameraMode":{"drawMode":0,"name":"Shaded","section":"Shading Mode"},"sceneLighting":false,"audioPlay":false,"sceneViewState":{"showFog":true,"showMaterialUpdate":false,"showSkybox":true,"showFlares":true,"showImageEffects":true,"showParticleSystems":true},"in2DMode":false,"pivot":{"x":19.888111114501954,"y":5.038531303405762,"z":-17.97141456604004},"rotation":{"x":-0.23142041265964509,"y":-0.7485700845718384,"z":0.32842060923576357,"w":-0.5274725556373596},"size":22.479284286499025,"orthographic":false}