{"cameraMode":{"drawMode":0,"name":"Shaded","section":"Shading Mode"},"sceneLighting":false,"audioPlay":false,"sceneViewState":{"showFog":true,"showMaterialUpdate":false,"showSkybox":true,"showFlares":true,"showImageEffects":true,"showParticleSystems":true},"in2DMode":false,"pivot":{"x":0.05511927604675293,"y":0.9030688405036926,"z":-2.5685081481933595},"rotation":{"x":0.19245539605617524,"y":0.7506353855133057,"z":-0.2485923320055008,"w":0.5811277031898499},"size":3.0303547382354738,"orthographic":false}