{"cameraMode":{"drawMode":0,"name":"Shaded","section":"Shading Mode"},"sceneLighting":false,"audioPlay":false,"sceneViewState":{"showFog":true,"showMaterialUpdate":false,"showSkybox":true,"showFlares":true,"showImageEffects":true,"showParticleSystems":true},"in2DMode":false,"pivot":{"x":2.583766222000122,"y":1.6029508113861085,"z":0.9054882526397705},"rotation":{"x":0.15073493123054505,"y":-0.762861967086792,"z":0.19207870960235597,"w":0.5986870527267456},"size":0.8902180790901184,"orthographic":false}