{"cameraMode":{"drawMode":0,"name":"Shaded","section":"Shading Mode"},"sceneLighting":false,"audioPlay":false,"sceneViewState":{"showFog":true,"showMaterialUpdate":false,"showSkybox":true,"showFlares":true,"showImageEffects":true,"showParticleSystems":true},"in2DMode":false,"pivot":{"x":0.0952601507306099,"y":0.841496467590332,"z":-3.066019296646118},"rotation":{"x":0.0038853411097079517,"y":0.9670923352241516,"z":-0.25396543741226199,"w":0.014795982278883458},"size":3.0869009494781496,"orthographic":false}